i,c,n,p,la,lo
0,MEX,LA PAZ,215178,24.14437,-110.3005
1,MEX,LEON DE LOS ALDAMA,1238962,21.12908,-101.67374
2,MEX,TAMPICO,309003,22.28519,-97.87777
3,MEX,TEHUACAN,248716,18.46422,-97.39735
4,MEX,REYNOSA,589466,26.08061,-98.28835
5,MEX,SALTILLO,709671,25.42321,-101.0053
6,MEX,OAXACA,255029,17.06542,-96.72365
7,MEX,ACAPULCO DE JUAREZ,673479,16.84942,-99.90891
8,MEX,TAPACHULA,202672,14.90385,-92.25749
9,MEX,HEROICA MATAMOROS,449815,25.87972,-97.50417
10,MEX,PUEBLA,1434062,19.03793,-98.20346
11,MEX,SALAMANCA,160169,20.57196,-101.19154
12,MEX,MERIDA,777615,20.97537,-89.61696
13,MEX,MEXICALI,689775,32.62781,-115.45446
14,MEX,XALAPA DE ENRIQUEZ,424755,19.53124,-96.91589
15,MEX,XICO,356352,19.27032,-98.95088
16,MEX,TULANCINGO,102406,20.08355,-98.36288
17,MEX,TIJUANA,1300983,32.5027,-117.00371
18,MEX,NUEVO LAREDO,373725,27.47629,-99.51639
19,MEX,CIUDAD VICTORIA,305155,23.74174,-99.14599
20,MEX,SAN JUAN DEL RIO,138878,20.38886,-99.99577
21,MEX,ORIZABA,120844,18.85195,-97.09957
22,MEX,TEPIC,332863,21.50951,-104.89569
23,MEX,SANTIAGO DE QUERETARO,626495,20.58806,-100.38806
24,MEX,CUAUTLA,154358,18.8106,-98.93525
25,MEX,MINATITLAN,112046,18.00011,-94.5569
26,MEX,ENSENADA,279765,31.87149,-116.60071
27,MEX,POZA RICA DE HIDALGO,185242,20.53315,-97.45946
28,MEX,IRAPUATO,380941,20.67675,-101.35628
29,MEX,CAMPECHE,220389,19.84386,-90.52554
30,MEX,PUERTO VALLARTA,203342,20.617,-105.23018
31,MEX,CELAYA,340387,20.52353,-100.8157
32,MEX,SAN LUIS POTOSI,722772,22.14982,-100.97916
33,MEX,AGUASCALIENTES,722250,21.88234,-102.28259
34,MEX,CHILPANCINGO,187251,17.5506,-99.50578
35,MEX,ZAMORA,141627,19.9855,-102.28387
36,MEX,MONCLOVA,215271,26.90687,-101.42056
37,MEX,VERACRUZ,428323,19.18095,-96.1429
38,MEX,GUADALAJARA,1495182,20.66682,-103.39182
39,MEX,COATZACOALCOS,235983,18.14905,-94.4447
40,MEX,TUXTLA,537102,16.75973,-93.11308
41,MEX,MORELIA,597511,19.70078,-101.18443
42,MEX,CHIHUAHUA,809232,28.63528,-106.08889
43,MEX,PACHUCA DE SOTO,256584,20.11697,-98.73329
44,MEX,TORREON,608836,25.54389,-103.41898
45,MEX,COLIMA,137383,19.24997,-103.72714
46,MEX,CULIACAN,675773,24.79032,-107.38782
47,MEX,VICTORIA DE DURANGO,518709,24.02032,-104.65756
48,MEX,GUADALUPE,124623,22.74753,-102.51874
49,MEX,URUAPAN,264439,19.41116,-102.05644
50,MEX,MONTERREY,1135512,25.67507,-100.31847
51,MEX,HERMOSILLO,715061,29.1026,-110.97732
52,MEX,CIUDAD BENITO JUAREZ,151893,25.64724,-100.09582
53,MEX,TOLUCA,489333,19.28786,-99.65324
54,MEX,CUERNAVACA,338650,18.9261,-99.23075
55,MEX,MAZATLAN,381583,23.2329,-106.4062
56,USA,ALLENTOWN,120207,40.60843,-75.49018
57,USA,MADISON,248951,43.07305,-89.40123
58,USA,SCOTTSDALE,236839,33.50921,-111.89903
59,USA,PHOENIX,1563025,33.44838,-112.07404
60,USA,EAST NEW YORK,173198,40.66677,-73.88236
61,USA,SACRAMENTO,490712,38.58157,-121.4944
62,USA,ALBUQUERQUE,559121,35.08449,-106.65114
63,USA,SALT LAKE CITY,192672,40.76078,-111.89105
64,USA,LAKELAND,104401,28.03947,-81.9498
65,USA,SAN ANTONIO,1469845,29.42412,-98.49363
66,USA,HILLSBORO,102347,45.52289,-122.98983
67,USA,BROWNSVILLE,183887,25.90175,-97.49748
68,USA,NORTH PEORIA,113004,40.71754,-89.58426
69,USA,KILLEEN,140806,31.11712,-97.7278
70,USA,PITTSBURGH,304391,40.44062,-79.99589
71,USA,BELLEVUE,139820,47.61038,-122.20068
72,USA,HARTFORD,124006,41.76371,-72.68509
73,USA,DENVER,682545,39.73915,-104.9847
74,USA,VIRGINIA BEACH,452745,36.85293,-75.97799
75,USA,OKLAHOMA CITY,631346,35.46756,-97.51643
76,USA,ALEXANDRIA,153511,38.80484,-77.04692
77,USA,NEWPORT NEWS,182385,37.08339,-76.46965
78,USA,CHARLOTTE,827097,35.22709,-80.84313
79,USA,OCEANSIDE,175691,33.19587,-117.37948
80,USA,THE BRONX,1385108,40.84985,-73.86641
81,USA,CHICAGO,2720546,41.85003,-87.65005
82,USA,ATLANTA,463878,33.749,-84.38798
83,USA,NORTH LAS VEGAS,234807,36.19886,-115.1175
84,USA,LOS ANGELES,3971883,34.05223,-118.24368
85,USA,NEW SOUTH MEMPHIS,641608,35.08676,-90.05676
86,USA,DETROIT,677116,42.33143,-83.04575
87,USA,NORTH CHARLESTON,108304,32.85462,-79.97481
88,USA,LAFAYETTE,127657,30.22409,-92.01984
89,USA,MINNEAPOLIS,410939,44.97997,-93.26384
90,USA,TULSA,403505,36.15398,-95.99277
91,USA,LUBBOCK,249042,33.57786,-101.85517
92,USA,MIAMI,441003,25.77427,-80.19366
93,USA,EL PASO,681124,31.75872,-106.48693
94,USA,AUSTIN,931830,30.26715,-97.74306
95,USA,SAN FRANCISCO,864816,37.77493,-122.41942
96,USA,KNOXVILLE,185291,35.96064,-83.92074
97,USA,DURHAM,257636,35.99403,-78.89862
98,USA,COLUMBUS,200579,32.46098,-84.98771
99,USA,INDIANAPOLIS,829718,39.76838,-86.15804
100,USA,BALTIMORE,621849,39.29038,-76.61219
101,USA,PORTLAND,632309,45.52345,-122.67621
102,USA,QUEENS,2272771,40.68149,-73.83652
103,USA,TALLAHASSEE,189907,30.43826,-84.28073
104,USA,MOBILE,194288,30.69436,-88.04305
105,USA,BOULDER,107349,40.01499,-105.27055
106,USA,DAYTON,140599,39.75895,-84.19161
107,USA,NEW ORLEANS,389617,29.95465,-90.07507
108,USA,SAN DIEGO,1394928,32.71571,-117.16472
109,USA,TAMPA,369075,27.94752,-82.45843
110,USA,PROVIDENCE,179207,41.82399,-71.41283
111,USA,JACKSON,170674,32.29876,-90.18481
112,USA,MILWAUKEE,600155,43.0389,-87.90647
113,USA,ARLINGTON,207627,38.88101,-77.10428
114,USA,ARVADA,115368,39.80276,-105.08748
115,USA,NASHVILLE,530852,36.16589,-86.78444
116,USA,SOUTH BOSTON,571281,42.33343,-71.04949
117,USA,ORANGE,140992,33.78779,-117.85311
118,USA,SPOKANE,213272,47.65966,-117.42908
119,USA,RICHMOND,109708,37.93576,-122.34775
120,USA,ROCHESTER,112225,44.02163,-92.4699
121,USA,WORCESTER,184815,42.26259,-71.80229
122,USA,KENT,126952,47.38093,-122.23484
123,USA,CINCINNATI,296943,39.12711,-84.51439
124,USA,NEW HAVEN,130322,41.30815,-72.92816
125,USA,MONTGOMERY,200602,32.36681,-86.29997
126,USA,LANCASTER,161103,34.69804,-118.13674
127,USA,FRESNO,520052,36.74773,-119.77237
128,USA,BIRMINGHAM,212461,33.52066,-86.80249
129,USA,BATON ROUGE,228590,30.44332,-91.18747
130,USA,PHILADELPHIA,1567442,39.95233,-75.16379
131,USA,HOUSTON,2296224,29.76328,-95.36327
132,USA,SEATTLE,684451,47.60621,-122.33207
133,USA,DALLAS,1300092,32.78306,-96.80667
134,ISL,REYKJAVIK,118918,64.13548,-21.89541
135,DEU,MOERS,107816,51.45342,6.6326
136,DEU,ESSEN,593085,51.45657,7.01228
137,DEU,DUESSELDORF,573057,51.22172,6.77616
138,DEU,WUERZBURG,133731,49.79391,9.95121
139,DEU,OLDENBURG,159218,53.14118,8.21467
140,DEU,KIEL,232758,54.32133,10.13489
141,DEU,MAGDEBURG,229826,52.12773,11.62916
142,DEU,BREMERHAVEN,117446,53.53615,8.59298
143,DEU,LEIPZIG,504971,51.33962,12.37129
144,DEU,BOTTROP,119909,51.52392,6.9285
145,DEU,GELSENKIRCHEN,270028,51.50508,7.09654
146,DEU,ULM,120451,48.39841,9.99155
147,DEU,DRESDEN,486854,51.05089,13.73832
148,DEU,KASSEL,194501,51.31667,9.5
149,DEU,REUTLINGEN,112627,48.49144,9.20427
150,DEU,HANNOVER,515140,52.37052,9.73322
151,DEU,STUTTGART,589793,48.78232,9.17702
152,DEU,SALZGITTER,101079,52.15705,10.4154
153,DEU,FREIBURG,215966,47.9959,7.85222
154,DEU,HAMM,185327,51.68033,7.82089
155,DEU,INGOLSTADT,120658,48.76508,11.42372
156,DEU,SIEGEN,107242,50.87481,8.02431
157,DEU,LEVERKUSEN,162738,51.0303,6.98432
158,DEU,AACHEN,265208,50.77664,6.08342
159,DEU,PADERBORN,142161,51.71905,8.75439
160,DEU,BIELEFELD,331906,52.03333,8.53333
161,DEU,LUEBECK,212207,53.86893,10.68729
162,DEU,ERFURT,203254,50.9787,11.03283
163,DEU,HAGEN,198972,51.36081,7.47168
164,DEU,MUENSTER,270184,51.96236,7.62571
165,DEU,RECKLINGHAUSEN,122438,51.61379,7.19738
166,DEU,PFORZHEIM,119313,48.88436,8.69892
167,DEU,KOELN,963395,50.93333,6.95
168,DEU,NUERNBERG,499237,49.45421,11.07752
169,DEU,WUPPERTAL,360797,51.25627,7.14816
170,DEU,DUISBURG,504358,51.43247,6.76516
171,DEU,HAMBURG MITTE,233144,53.55,10.01667
172,DEU,FRANKFURT AM MAIN,650000,50.11552,8.68417
173,DEU,NEUSS,152457,51.19807,6.68504
174,DEU,BOCHUM HORDEL,380000,51.50168,7.1756
175,DEU,HEILBRONN,120733,49.13995,9.22054
176,DEU,WIESBADEN,272432,50.08258,8.24932
177,DEU,HERNE,172108,51.5388,7.22572
178,DEU,BREMEN,546501,53.07582,8.80717
179,DEU,MUNICH,1260391,48.13743,11.57549
180,DEU,KARLSRUHE,283799,49.00937,8.40444
181,DEU,BONN,313125,50.73438,7.09549
182,DEU,MANNHEIM,307960,49.4891,8.46694
183,DEU,MAINZ,184997,49.98419,8.2791
184,DEU,HILDESHEIM,103052,52.15077,9.95112
185,DEU,GOETTINGEN,122149,51.53443,9.93228
186,DEU,AUGSBURG,259196,48.37154,10.89851
187,DEU,DARMSTADT,140385,49.87167,8.65027
188,DEU,HEIDELBERG,143345,49.40768,8.69079
189,DEU,WITTEN,101247,51.44362,7.35258
190,DEU,SAARBRUECKEN,181227,49.23262,7.00982
191,DEU,TRIER,100129,49.75565,6.63935
192,DEU,BERLIN,3426354,52.52437,13.41053
193,DEU,MOENCHENGLADBACH,261742,51.18539,6.44172
194,DEU,OBERHAUSEN,219176,51.47805,6.8625
195,DEU,ERLANGEN,102675,49.59099,11.00783
196,DEU,DORTMUND,588462,51.51494,7.466
197,DEU,BERGISCH GLADBACH,106184,50.9856,7.13298
198,DEU,KOBLENZ,107319,50.35357,7.57883
199,DEU,OSNABRUECK,166462,52.27264,8.0498
200,DEU,REGENSBURG,129151,49.01513,12.10161
201,DEU,ROSTOCK,198293,54.0887,12.14049
202,GBR,READING,318014,51.45625,-0.97113
203,GBR,KINGSTON UPON HULL,314018,53.7446,-0.33525
204,GBR,DUDLEY,199059,52.5,-2.08333
205,GBR,LEICESTER,508916,52.6386,-1.13169
206,GBR,MILTON KEYNES,229941,52.04172,-0.75583
207,GBR,WALSALL,172141,52.58528,-1.98396
208,GBR,DUNDEE,147710,56.46913,-2.97489
209,GBR,COLCHESTER,121859,51.88921,0.90421
210,GBR,ABERDEEN,196670,57.14369,-2.09814
211,GBR,LINCOLN,114879,53.22683,-0.53792
212,GBR,CAMBRIDGE,158434,52.2,0.11667
213,GBR,NEWCASTLE UPON TYNE,192382,54.97328,-1.61396
214,GBR,BLACKPOOL,239409,53.81667,-3.05
215,GBR,WOLVERHAMPTON,252791,52.58547,-2.12296
216,GBR,EXETER,117763,50.7236,-3.52751
217,GBR,BLACKBURN,146521,53.75,-2.48333
218,GBR,MIDDLESBROUGH,142707,54.57623,-1.23483
219,GBR,NORTHAMPTON,215963,52.25,-0.88333
220,GBR,DERBY,270468,52.92277,-1.47663
221,GBR,MANCHESTER,395515,53.48095,-2.23743
222,GBR,BRIGHTON,139001,50.82838,-0.13947
223,GBR,SUNDERLAND,335415,54.90465,-1.38222
224,GBR,DONCASTER,158141,53.52285,-1.13116
225,GBR,OXFORD,171380,51.75222,-1.25596
226,GBR,NOTTINGHAM,729977,52.9536,-1.15047
227,GBR,GLASGOW,591620,55.86515,-4.25763
228,GBR,SWANSEA,300352,51.62079,-3.94323
229,GBR,CARDIFF,447287,51.48,-3.18
230,GBR,BOURNEMOUTH,163600,50.72048,-1.8795
231,GBR,SHEFFIELD,685368,53.38297,-1.4659
232,GBR,BIRMINGHAM,984333,52.48142,-1.89983
233,GBR,PLYMOUTH,260203,50.37153,-4.14305
234,GBR,IPSWICH,178835,52.05917,1.15545
235,GBR,BELFAST,274770,54.59682,-5.92541
236,GBR,COVENTRY,359262,52.40656,-1.51217
237,GBR,BRISTOL,617280,51.45523,-2.59665
238,GBR,PRESTON,313332,53.76282,-2.70452
239,GBR,LEEDS,455123,53.79648,-1.54785
240,GBR,PORTSMOUTH,194150,50.79899,-1.09125
241,GBR,LIVERPOOL,864122,53.41058,-2.97794
242,GBR,EDINBURGH,464990,55.95206,-3.19648
243,GBR,SOUTHAMPTON,246201,50.90395,-1.40428
244,GBR,NORWICH,213166,52.62783,1.29834
245,FRA,MULHOUSE,111430,47.75205,7.32866
246,FRA,LIMOGES,141176,45.83362,1.24759
247,FRA,NICE,338620,43.70313,7.26608
248,FRA,LE HAVRE,185972,49.4938,0.10767
249,FRA,TOURS,141621,47.39484,0.70398
250,FRA,REIMS,196565,49.26526,4.02853
251,FRA,METZ,123914,49.11911,6.17269
252,FRA,PARIS,2138551,48.85341,2.3488
253,FRA,PERPIGNAN,110706,42.69764,2.89541
254,FRA,DIJON,149782,47.31667,5.01667
255,FRA,ANGERS,168279,47.47381,-0.54774
256,FRA,ROUEN,112787,49.44313,1.09932
257,FRA,NIMES,148236,43.83378,4.35962
258,FRA,NANTES,277269,47.21725,-1.55336
259,FRA,MONTPELLIER,248252,43.61092,3.87723
260,FRA,MARSEILLE,794811,43.29695,5.38107
261,FRA,LILLE,228328,50.63297,3.05858
262,FRA,TOULON,168701,43.12442,5.92836
263,FRA,ORLEANS,124149,47.90289,1.90389
264,FRA,NANCY,105334,48.68439,6.18496
265,FRA,BREST,144899,48.39029,-4.48628
266,FRA,STRASBOURG,274845,48.58392,7.74553
267,FRA,LYON,472317,45.74846,4.84671
268,FRA,LE MANS,144515,48.00039,0.20471
269,FRA,RENNES,209375,48.11198,-1.67429
270,FRA,TOULOUSE,433055,43.60426,1.44367
271,FRA,BESANCON,128426,47.24878,6.01815
272,FRA,GRENOBLE,158552,45.17869,5.71479
273,FRA,CAEN,110624,49.18585,-0.35912
274,FRA,AMIENS,143086,49.9,2.3
275,FRA,BORDEAUX,231844,44.84044,-0.5805
276,KOR,GUNSAN,243406,35.97861,126.71139
277,KOR,SEOGWIPO,155691,33.25333,126.56181
278,KOR,IKSAN,283501,35.94389,126.95444
279,KOR,JEJU CITY,408364,33.50972,126.52194
280,KOR,WONJU,243387,37.35139,127.94528
281,KOR,SEOUL,10349312,37.566,126.9784
282,KOR,CHUNCHEON,209746,37.87472,127.73417
283,KOR,POHANG,500000,36.02917,129.36481
284,KOR,GYEONGSAN SI,129903,35.82333,128.73778
285,KOR,ULSAN,962865,35.53722,129.31667
286,KOR,GUMI,291006,36.1136,128.336
287,ESP,SANTANDER,182700,43.46472,-3.80444
288,ESP,DOS HERMANAS,122943,37.28287,-5.92088
289,ESP,MURCIA,436870,37.98704,-1.13004
290,ESP,LAS PALMAS DE GRAN CANARIA,381847,28.09973,-15.41343
291,ESP,ZARAGOZA,674317,41.65606,-0.87734
292,ESP,OVIEDO,224005,43.36029,-5.84476
293,ESP,PAMPLONA,198491,42.81687,-1.64323
294,ESP,VIGO,297332,42.23282,-8.72264
295,ESP,MALAGA,568305,36.72016,-4.42034
296,ESP,BARCELONA,1621537,41.38879,2.15899
297,ESP,GRANADA,234325,37.18817,-3.60667
298,ESP,BILBAO,354860,43.26271,-2.92528
299,ESP,MARBELLA,134623,36.51543,-4.88583
300,ESP,VALENCIA,814208,39.46975,-0.37739
301,ESP,GIJON,277554,43.53573,-5.66152
302,ESP,ELCHE,230112,38.26218,-0.70107
303,ESP,ALICANTE,334757,38.34517,-0.48149
304,ESP,SANTA CRUZ DE TENERIFE,222417,28.46824,-16.25462
305,ESP,CORDOBA,328428,37.89155,-4.77275
306,ESP,PALMA,401270,39.56939,2.65024
307,ESP,MADRID,3255944,40.4165,-3.70256
308,ESP,GASTEIZ VITORIA,235661,42.84998,-2.67268
309,ESP,SAN SEBASTIAN,185357,43.31283,-1.97499
310,ESP,SEVILLA,703206,37.38283,-5.97317
311,ESP,VALLADOLID,317864,41.65518,-4.72372
312,CHE,BASEL,164488,47.55839,7.57327
313,CHE,ZURICH,341730,47.36667,8.55
314,CHE,GENEVE,183981,46.20222,6.14569
315,CHE,LAUSANNE,116751,46.516,6.63282
316,CHE,BERN,121631,46.94809,7.44744
317,JPN,KANAZAWA,458937,36.6,136.61667
318,JPN,OITA,448907,33.23333,131.6
319,JPN,HITACHI NAKA,156811,36.39659,140.53479
320,JPN,SHIMONOSEKI,245786,33.95,130.95
321,JPN,FUKUOKA,1392289,33.6,130.41667
322,JPN,WAKAYAMA,351000,34.23333,135.16667
323,JPN,SHIZUOKA,701561,34.98333,138.38333
324,JPN,FUJIEDA,132859,34.86667,138.26667
325,JPN,TOKUSHIMA,267345,34.06667,134.56667
326,JPN,HAKODATE,275730,41.77583,140.73667
327,JPN,AOMORI,298394,40.81667,140.73333
328,JPN,KOFU,190000,35.66667,138.56667
329,JPN,ISESAKI,130692,36.31667,139.2
330,JPN,NAHA,300795,26.21667,127.68333
331,JPN,HIROSHIMA,1143841,34.4,132.45
332,JPN,OSAKA,2592413,34.69374,135.50218
333,JPN,YAMAGATA,254538,38.23333,140.36667
334,JPN,ASAHIKAWA,356612,43.77063,142.36489
335,JPN,KAGOSHIMA,555352,31.56667,130.55
336,JPN,MORIOKA,295172,39.7,141.15
337,JPN,HINO,171777,35.67306,139.40028
338,JPN,OYAMA,159936,36.3,139.8
339,JPN,FUJINOMIYA,121515,35.21667,138.61667
340,JPN,KOCHI,335570,33.55,133.53333
341,JPN,MITO,246538,36.35,140.45
342,JPN,NAGANO,360176,36.65,138.18333
343,JPN,TAKASAKI,240857,36.33333,139.01667
344,JPN,KURUME,238197,33.31667,130.51667
345,JPN,NAGASAKI,410204,32.75,129.88333
346,JPN,NIIGATA,505272,37.88637,139.00589
347,JPN,KITAKYUSHU,997536,33.85181,130.85034
348,JPN,KUMAMOTO,680423,32.80589,130.69181
349,JPN,FUKUI SHI,248707,36.06443,136.22257
350,JPN,KUSATSU,127680,35.01667,135.96667
351,JPN,OTA,152104,36.3,139.36667
352,JPN,SAPPORO,1883027,43.06667,141.35
353,JPN,FUKUSHIMA,294237,37.75,140.46667
354,JPN,SENDAI,1063103,38.26667,140.86667
355,JPN,HIMEJI,481493,34.81667,134.7
356,JPN,TSU,163461,34.73333,136.51667
357,JPN,YOKKAICHI,295841,34.96667,136.61667
358,JPN,AKITA,320069,39.71667,140.11667
359,JPN,MIYAZAKI,311203,31.91667,131.41667
360,JPN,TOYOHASHI,378374,34.76667,137.38333
361,JPN,NISHI TOKYO SHI,195164,35.72526,139.5383
362,JPN,OBIHIRO,173890,42.91722,143.20444
363,JPN,NUMAZU,204318,35.1,138.86667
364,JPN,KURASHIKI,437581,34.58333,133.76667
365,JPN,KORIYAMA,340560,37.4,140.38333
366,NLD,THE HAGUE,474292,52.07667,4.29861
367,NLD,AMSTERDAM,741636,52.37403,4.88969
368,NLD,GRONINGEN,181194,53.21917,6.56667
369,NLD,TILBURG,199613,51.55551,5.0913
370,NLD,ARNHEM,141674,51.98,5.91111
371,NLD,LEIDEN,119713,52.15833,4.49306
372,NLD,UTRECHT,290529,52.09083,5.12222
373,NLD,ROTTERDAM,598199,51.9225,4.47917
374,NLD,ZWOLLE,111805,52.5125,6.09444
375,NLD,BREDA,167673,51.58656,4.77596
376,NLD,NIJMEGEN,158732,51.8425,5.85278
377,NLD,ENSCHEDE,153655,52.21833,6.89583
378,NLD,EINDHOVEN,209620,51.44083,5.47778
379,ITA,GENOA,580223,44.40478,8.94439
380,ITA,VERONA,219103,45.4299,10.98444
381,ITA,FLORENCE,349296,43.77925,11.24626
382,ITA,BARI,277387,41.12066,16.86982
383,ITA,PADOVA,203725,45.40797,11.88586
384,ITA,BRESCIA,184826,45.53558,10.21472
385,ITA,PARMA,146299,44.79935,10.32618
386,ITA,PERUGIA,120137,43.1122,12.38878
387,ITA,TARANTO,181082,40.46438,17.24707
388,ITA,REGGIO NELL'EMILIA,133296,44.69825,10.63125
389,ITA,TURIN,870456,45.07049,7.68682
390,ITA,PRATO,181820,43.8805,11.09699
391,ITA,BOLOGNA,366133,44.49381,11.33875
392,ITA,CAGLIARI,149257,39.23054,9.11917
393,ITA,MILAN,1236837,45.46427,9.18951
394,ITA,ROME,2318895,41.89193,12.51133
395,ITA,CATANIA,290927,37.49223,15.07041
396,ITA,BERGAMO,114162,45.69601,9.66721
397,ITA,NAPLES,959470,40.85216,14.26811
398,ITA,MODENA,158886,44.64783,10.92539
399,ITA,PALERMO,648260,38.13205,13.33561
400,GRC,ATHENS,664046,37.98376,23.72784
401,GRC,THESSALONIKI,354290,40.64361,22.93086
402,CAN,OTTAWA,812129,45.41117,-75.69812
403,CAN,TORONTO,2600000,43.70011,-79.4163
404,CAN,KITCHENER,233700,43.42537,-80.5112
405,CAN,SHERBROOKE,129447,45.40008,-71.89908
406,CAN,LONDON,346765,42.98339,-81.23304
407,CAN,HALIFAX,359111,44.6464,-63.57291
408,CAN,WINNIPEG,632063,49.8844,-97.14704
409,CAN,EDMONTON,712391,53.55014,-113.46871
410,CAN,MONTREAL,1600000,45.50884,-73.58781
411,CAN,MILTON,101715,43.51681,-79.88294
412,CAN,VANCOUVER,600000,49.24966,-123.11934
413,CAN,VICTORIA,289625,48.4359,-123.35155
414,CAN,SASKATOON,198958,52.13238,-106.66892
415,CAN,CALGARY,1019942,51.05011,-114.08529
416,CAN,QUEBEC,528595,46.81228,-71.21454
417,CAN,WINDSOR,278013,42.30008,-83.01654
418,DNK,ODENSE,145931,55.39594,10.38831
419,DNK,ARHUS,237551,56.15674,10.21076
420,DNK,COPENHAGEN,1153615,55.67594,12.56553
421,DNK,AALBORG,122219,57.048,9.9187
422,SVN,LJUBLJANA,272220,46.05108,14.50513
423,IRL,CORK,190384,51.89797,-8.47061
424,IRL,DUBLIN,1024027,53.33306,-6.24889
425,PRT,LISBON,517802,38.71667,-9.13333
426,PRT,PORTO,249633,41.14961,-8.61099
427,PRT,COIMBRA,106582,40.20564,-8.41955
428,POL,RZESZOW,158382,50.04132,21.99901
429,POL,KATOWICE,317316,50.25841,19.02754
430,POL,TARNOW,117799,50.01381,20.98698
431,POL,BIALYSTOK,291855,53.13333,23.16433
432,POL,POZNAN,570352,52.40692,16.92993
433,POL,KIELCE,208598,50.87033,20.62752
434,POL,WARSAW,1702139,52.22977,21.01178
435,POL,CZESTOCHOWA,248125,50.79646,19.12409
436,POL,GDANSK,461865,54.35227,18.64912
437,POL,OPOLE,127676,50.67211,17.92533
438,POL,RADOM,226794,51.40253,21.14714
439,POL,TORUN,208717,53.01375,18.59814
440,POL,LUBLIN,360044,51.25,22.56667
441,POL,OLSZTYN,171803,53.77995,20.49416
442,POL,LODZ,768755,51.77058,19.47395
443,POL,WALBRZYCH,127431,50.77141,16.28432
444,POL,WROCLAW,634893,51.1,17.03333
445,POL,BYDGOSZCZ,366452,53.1235,18.00762
446,CHL,PUERTO MONTT,160054,-41.4693,-72.94237
447,CHL,TEMUCO,238129,-38.73965,-72.59842
448,CHL,LA SERENA,154521,-29.90453,-71.24894
449,CHL,RANCAGUA,212695,-34.17083,-70.74444
450,CHL,TALCA,197479,-35.4264,-71.65542
451,CHL,ANTOFAGASTA,309832,-23.65236,-70.3954
452,CHL,SANTIAGO,4837295,-33.45694,-70.64827
453,CHL,VALPARAISO,282448,-33.036,-71.62963
454,CHL,CONCEPCION,215413,-36.82699,-73.04977
455,SWE,STOCKHOLM,1515017,59.32938,18.06871
456,SWE,MALMOE,301706,55.60587,13.00073
457,SWE,UPPSALA,149245,59.85882,17.63889
458,SWE,GOETEBORG,572799,57.70716,11.96679
459,NOR,TRONDHEIM,147139,63.43049,10.39506
460,NOR,BERGEN,213585,60.39299,5.32415
461,NOR,OSLO,580000,59.91273,10.74609
462,NOR,STAVANGER,121610,58.97005,5.73332
463,HUN,DEBRECEN,204124,47.53167,21.62444
464,HUN,MISKOLC,172637,48.10306,20.77806
465,HUN,PECS,156649,46.0725,18.23083
466,HUN,BUDAPEST XIII KERUELET,113531,47.52978,19.08068
467,HUN,SZEKESFEHERVAR,101600,47.18995,18.41034
468,AUS,BRISBANE,2189878,-27.46794,153.02809
469,AUS,PERTH,1896548,-31.95224,115.8614
470,AUS,WOLLONGONG,292190,-34.424,150.89345
471,AUS,SYDNEY,4627345,-33.86785,151.20732
472,AUS,GEELONG,226034,-38.14711,144.36069
473,AUS,ADELAIDE,1225235,-34.92866,138.59863
474,AUS,NEWCASTLE,308308,-32.92953,151.7801
475,AUS,GOLD COAST,591473,-28.00029,153.43088
476,AUS,MELBOURNE,4246375,-37.814,144.96332
477,AUT,SALZBURG,153377,47.79941,13.04399
478,AUT,VIENNA,1691468,48.20849,16.37208
479,AUT,LINZ,204846,48.30639,14.28611
480,AUT,GRAZ,222326,47.06667,15.45
481,AUT,INNSBRUCK,132493,47.26266,11.39454
482,LTU,VILNIUS,542366,54.68916,25.2798
483,LTU,KAUNAS,374643,54.90272,23.90961
484,FIN,TURKU,175945,60.45148,22.26869
485,FIN,HELSINKI,558457,60.16952,24.93545
486,FIN,TAMPERE,202687,61.49911,23.78712
487,LVA,RIGA,742572,56.946,24.10589
488,EST,TALLINN,394024,59.43696,24.75353
489,SVK,BRATISLAVA,423737,48.14816,17.10674
490,SVK,KOSICE,236563,48.71395,21.25808
491,CZE,BRNO,369559,49.19522,16.60796
492,CZE,OSTRAVA,313088,49.83465,18.28204
493,CZE,PRAGUE,1165581,50.08804,14.42076
494,BEL,GENT,231493,51.05,3.71667
495,BEL,BRUSSELS,1019022,50.85045,4.34878
496,BEL,ANTWERPEN,459805,51.22047,4.40026
497,BEL,LIEGE,182597,50.63373,5.56749
498,BEL,CHARLEROI,200132,50.41136,4.44448
499,EGY,CAIRO,7734614,30.06263,31.24967
500,EGY,ALEXANDRIA,3811516,31.20176,29.91582
501,NGA,IBADAN,3565108,7.37756,3.90591
502,NGA,KANO,3626068,12.00012,8.51672
503,NGA,ABUJA,590400,9.05785,7.49508
504,NGA,ABA,897560,5.10658,7.36667
505,NGA,PORT HARCOURT,1148665,4.77742,7.0134
506,NGA,LAGOS,9000000,6.45407,3.39467
507,NGA,KADUNA,1582102,10.52641,7.43879
508,NGA,ONITSHA,561066,6.14978,6.78569
509,NGA,BENIN CITY,1125058,6.33815,5.62575
510,COD,KINSHASA,7785965,-4.32758,15.31357
511,COD,KANANGA,463546,-5.89624,22.41659
512,COD,KISANGANI,539158,0.51528,25.19099
513,COD,LUBUMBASHI,1373770,-11.66089,27.47938
514,COG,BRAZZAVILLE,1284609,-4.26613,15.28318
515,ZAF,VEREENIGING,474681,-26.67313,27.92615
516,ZAF,JOHANNESBURG,2026469,-26.20227,28.04363
517,ZAF,DURBAN,3120282,-29.8579,31.0292
518,ZAF,CAPE TOWN,3433441,-33.92584,18.42322
519,ZAF,PRETORIA,1619438,-25.74486,28.18783
520,AGO,LUANDA,2776168,-8.83682,13.23432
521,SDN,KHARTOUM,1974647,15.55177,32.53241
522,SDN,OMDURMAN,1200000,15.64453,32.47773
523,TZA,DAR ES SALAAM,2698652,-6.82349,39.26951
524,CIV,ABIDJAN,3677115,5.35444,-4.00167
525,KEN,NAIROBI,2750547,-1.28333,36.81667
526,KEN,MOMBASA,799668,-4.05466,39.66359
527,SEN,DAKAR,2476400,14.6937,-17.44406
528,ETH,ADDIS ABABA,2757729,9.02497,38.74689
529,CMR,DOUALA,1338082,4.04827,9.70428
530,BFA,OUAGADOUGOU,1086505,12.36566,-1.53388
531,MDG,ANTANANARIVO,1391433,-18.91368,47.53613
532,GHA,ACCRA,1963264,5.55602,-0.1969
533,GHA,KUMASI,1468609,6.68848,-1.62443
534,DZA,ALGIERS,1977663,36.73225,3.08746
535,MLI,BAMAKO,1297281,12.65,-8
536,ZMB,LUSAKA,1267440,-15.40669,28.28713
537,SOM,MOGADISHU,2587183,2.03711,45.34375
538,TUN,TUNIS,693210,36.81897,10.16579
539,MAR,FES,964891,34.03313,-5.00028
540,MAR,RABAT,1655753,34.01325,-6.83255
541,MAR,MARRAKESH,839296,31.63416,-7.99994
542,GIN,CONAKRY,1767200,9.53795,-13.67729
543,UGA,KAMPALA,1353189,0.31628,32.58219
544,ZWE,HARARE,1542813,-17.82772,31.05337
545,LBR,MONROVIA,939524,6.30054,-10.7969
546,TCD,N'DJAMENA,721081,12.10672,15.0444
547,RWA,KIGALI,745261,-1.94995,30.05885
548,MOZ,MAPUTO,1191613,-25.96553,32.58322
549,BDI,BUJUMBURA,331700,-3.38193,29.36142
550,LBY,TRIPOLI,1150989,32.88743,13.18733
551,NER,NIAMEY,774235,13.51366,2.1098
552,SLE,FREETOWN,802639,8.48714,-13.2356
553,CHN,LUOYANG,1390581,34.68361,112.45361
554,CHN,YANGZHOU,539715,32.39722,119.43583
555,CHN,NANTONG,666251,32.03028,120.87472
556,CHN,ZHONGSHAN,3121275,21.31992,110.5723
557,CHN,ZHENJIANG,632552,32.21086,119.45508
558,CHN,QINHUANGDAO,759718,39.93167,119.58833
559,CHN,SUZHOU,5345961,31.30408,120.59538
560,CHN,JINING,450327,35.405,116.58139
561,CHN,FUXIN,689050,42.01556,121.65889
562,CHN,ZIBO,3129228,36.79056,118.06333
563,CHN,XINXIANG,743601,35.19033,113.80151
564,CHN,JINZHOU,604269,41.10778,121.14167
565,CHN,NANJING,7165292,32.06167,118.77778
566,CHN,DONGGUAN,8000000,23.01797,113.74866
567,CHN,TIANJIN,11090314,39.14222,117.17667
568,CHN,HARBIN,5878939,45.75,126.65
569,CHN,BAOTOU,1301768,40.58337,110.01669
570,CHN,QIQIHAR,882364,47.34088,123.96045
571,CHN,MUDANJIANG,665915,44.58333,129.6
572,CHN,CHENGDU,7415590,30.66667,104.06667
573,CHN,YICHANG,476725,30.71444,111.28472
574,CHN,PANSHAN,625040,41.18806,122.04944
575,CHN,SHANGYU,770000,30.01556,120.87111
576,CHN,HENGYANG,759602,26.88946,112.61888
577,CHN,HOHHOT,774477,40.81056,111.65222
578,CHN,HANGZHOU,6241971,30.29365,120.16142
579,CHN,JIAOJIANG,470804,28.69844,121.47331
580,CHN,BENXI,987717,41.28861,123.765
581,CHN,TAI'AN,5499000,36.18528,117.12
582,CHN,XI'AN,6501190,34.25833,108.92861
583,CHN,GUIYANG,1171633,26.58333,106.71667
584,CHN,HEFEI,3310268,31.86389,117.28083
585,CHN,HANDAN,1358318,36.60056,114.46778
586,CHN,WUHU,507524,31.33728,118.37351
587,CHN,ZHANJIANG,637790,21.28145,110.34271
588,CHN,LANZHOU,2628426,36.05701,103.83987
589,CHN,SHENZHEN,10358381,22.54554,114.0683
590,CHN,YANCHENG,628441,33.3575,120.1573
591,CHN,CHAOYANG,410005,41.57028,120.45861
592,CHN,JIAXING,466101,30.7522,120.75
593,CHN,YUEYANG,1200000,29.37455,113.09481
594,CHN,CHANGCHUN,4193073,43.88,125.32278
595,CHN,KUNSHAN,1600000,31.37762,120.95431
596,CHN,DALIAN,4087733,38.91222,121.60222
597,CHN,WUHAN,9785388,30.58333,114.26667
598,CHN,JIANGMEN,532419,22.58333,113.08333
599,CHN,CHANGDE,517780,29.03205,111.69844
600,CHN,CHANGZHOU,949018,31.77359,119.95401
601,CHN,CHANGSHA,3093980,28.19874,112.97087
602,CHN,SHENYANG,6255921,41.79222,123.43278
603,CHN,HUAI'AN,555230,33.58861,119.01917
604,CHN,WUXI,3543719,31.56887,120.28857
605,CHN,BEIJING,11716620,39.9075,116.39723
606,CHN,JINAN,4335989,36.66833,116.99722
607,CHN,SHIJIAZHUANG,2834942,38.04139,114.47861
608,CHN,XIAMEN,3531347,24.47979,118.08187
609,CHN,ZHANGJIAKOU,692602,40.81,114.87944
610,CHN,ANSHAN,1199275,41.12361,122.99
611,CHN,CHANGSHU CITY,1047700,31.64615,120.74221
612,CHN,GUANGZHOU,11071424,23.11667,113.25
613,CHN,ZHUZHOU,709358,27.83333,113.15
614,CHN,PINGDINGSHAN,889675,33.73847,113.30119
615,CHN,BENGBU,576648,32.94083,117.36083
616,CHN,FUZHOU,1179720,26.06139,119.30611
617,CHN,NANNING,803788,22.81667,108.31667
618,CHN,ANYANG,781129,36.096,114.38278
619,CHN,YINCHUAN,475101,38.46806,106.27306
620,CHN,XIANYANG,1034081,34.33778,108.70261
621,CHN,ZUNYI,466292,27.68667,106.90722
622,CHN,XINING,767531,36.62554,101.75739
623,CHN,CHAOZHOU,424787,23.65396,116.62262
624,CHN,TANGSHAN,3372102,39.63333,118.18333
625,CHN,SHASHI,498780,30.30722,112.24472
626,CHN,KAIFENG,900000,34.7986,114.30742
627,CHN,CHANGZHI,699514,35.20889,111.73861
628,CHN,TAIZHOU,612356,32.49069,119.90812
629,CHN,TAIYUAN,3426519,37.86944,112.56028
630,CHN,NANCHONG,7150000,30.79508,106.08473
631,CHN,SHAOXING,421283,30.00237,120.57864
632,CHN,TONGSHAN,1199193,34.18045,117.15707
633,CHN,HUAINAN,1027655,32.62639,116.99694
634,CHN,CHONGQING,7457600,29.56278,106.55278
635,CHN,QINGDAO,3718835,36.06488,120.38042
636,CHN,JIEYANG,1001985,23.5418,116.36581
637,CHN,URUMQI,3029372,43.80096,87.60046
638,CHN,NANCHANG,2357839,28.68396,115.85306
639,CHN,SHANTOU,5329024,23.36814,116.71479
640,CHN,HUAIBEI,903039,33.97444,116.79167
641,CHN,FOSHAN,3600000,23.02677,113.13148
642,CHN,LUANCHENG,597130,37.87917,114.65167
643,CHN,WENZHOU,865672,27.99942,120.66682
644,CHN,BAODING,995652,38.85111,115.49028
645,CHN,ZHENGZHOU,4253913,34.75778,113.64861
646,CHN,JILIN,1881977,43.85083,126.56028
647,CHN,HAIKOU,615835,20.04583,110.34167
648,CHN,XIANGYANG,462956,32.0422,112.14479
649,CHN,GUILIN,649352,25.28194,110.28639
650,CHN,YANTAI,719332,37.47649,121.44081
651,CHN,NINGBO,3491597,29.87819,121.54945
652,CHN,ZHUHAI,501199,22.27694,113.56778
653,CHN,FUSHUN,1400646,41.88669,123.94363
654,CHN,DATONG,1052678,40.09361,113.29139
655,CHN,XIANGTAN,674189,27.85,112.9
656,CHN,KUNMING,3855346,25.03889,102.71833
657,CHN,DANDONG,631973,40.12917,124.39472
658,CHN,SHANGHAI,22315474,31.22222,121.45806
659,IND,DELHI,10927986,28.65195,77.23149
660,IND,KOLKATA,4631392,22.56263,88.36304
661,IND,RAIPUR,679995,21.23333,81.63333
662,IND,BHILAI,625138,21.20919,81.4285
663,IND,MUMBAI,12691836,19.07283,72.88261
664,IND,RAURKELA,536450,22.22496,84.86414
665,IND,AJMER,517911,26.4521,74.63867
666,IND,GHAZIABAD,1199191,28.66535,77.43915
667,IND,ALIGARH,753207,27.88145,78.07464
668,IND,GORAKHPUR,674246,26.76628,83.36889
669,IND,DURGAPUR,518872,23.51583,87.30801
670,IND,VARANASI,1164404,25.31668,83.01041
671,IND,BOKARO,418533,23.78707,85.95644
672,IND,GAYA,423692,24.79686,85.00385
673,IND,KANPUR,2823249,26.46523,80.34975
674,IND,VIJAYAWADA,874587,16.50745,80.6466
675,IND,MYSORE,868313,12.29791,76.63925
676,IND,SURAT,2894504,21.19594,72.83023
677,IND,SANGLI,601214,16.85438,74.56417
678,IND,CUTTACK,580000,20.46497,85.87927
679,IND,BHOPAL,1599914,23.25469,77.40289
680,IND,COIMBATORE,959823,11.00555,76.96612
681,IND,LUCKNOW,2472011,26.83928,80.92313
682,IND,ASANSOL,504271,23.68333,86.98333
683,IND,MEERUT,1223184,28.98002,77.70636
684,IND,PATNA,1599920,25.59408,85.13563
685,IND,JODHPUR,921476,26.26841,73.00594
686,IND,BHIWANDI,707035,19.30023,73.05881
687,IND,BAREILLY,745435,28.36678,79.43167
688,IND,JALANDHAR,785178,31.32556,75.57917
689,IND,HYDERABAD,3597816,17.38405,78.45636
690,IND,NASHIK,1289497,19.99727,73.79096
691,IND,RAJKOT,1177362,22.29161,70.79322
692,IND,UDAIPUR,422784,24.58584,73.71346
693,IND,COCHIN,604696,9.93988,76.26022
694,IND,AHMEDABAD,3719710,23.02579,72.58727
695,IND,GORAKHPUR,1324570,29.44768,75.67206
696,IND,JHANSI,412927,25.45887,78.57994
697,IND,AGRA,1430055,27.18333,78.01667
698,IND,JAMMU,465567,32.73569,74.86911
699,IND,GWALIOR,882458,26.22983,78.17337
700,IND,SALEM,778396,11.65376,78.15538
701,IND,SILIGURI,515574,26.71004,88.42851
702,IND,ALLAHABAD,1073438,25.44478,81.84322
703,IND,JABALPUR,1030168,23.16697,79.95006
704,IND,KOLHAPUR,516142,16.69563,74.23167
705,IND,TIRUNELVELI,1435844,8.72742,77.6838
706,IND,NAGPUR,2228018,21.14631,79.08491
707,IND,RANCHI,846454,23.34316,85.3094
708,IND,SRINAGAR,975857,34.08565,74.80555
709,IND,WARANGAL,557802,18,79.58333
710,IND,KOZHIKODE,439922,11.24802,75.7804
711,IND,KURNOOL,460184,15.82887,78.03602
712,IND,PUNE,2935744,18.51957,73.85535
713,IND,THIRUVANANTHAPURAM,784153,8.4855,76.94924
714,IND,TIRUCHIRAPPALLI,775484,10.8155,78.69651
715,IND,BELGAUM,428720,15.85212,74.50447
716,IND,AURANGABAD,1016441,19.87757,75.34226
717,IND,JAMSHEDPUR,616338,22.80278,86.18545
718,IND,MADURAI,909908,9.919,78.11953
719,IND,VISAKHAPATNAM,1063178,17.68009,83.20161
720,IND,MALEGAON,435362,20.54966,74.53462
721,IND,INDORE,1837041,22.71792,75.8333
722,IND,NELLORE,404158,14.44992,79.98697
723,IND,AMRITSAR,1092450,31.62234,74.87534
724,IND,MANGALORE,417387,12.91723,74.85603
725,IND,DEHRA DUN,522081,30.32443,78.03392
726,IND,VADODARA,1409476,22.29941,73.20812
727,IND,CHENNAI,4328063,13.08784,80.27847
728,IND,BENGALURU,5104047,12.97194,77.59369
729,RUS,OMSK,1129281,54.99244,73.36859
730,RUS,NOVOSIBIRSK,1419007,55.0415,82.9346
731,RUS,KHABAROVSK,579000,48.48271,135.08379
732,RUS,PENZA,512602,53.20066,45.00464
733,RUS,LIPETSK,515655,52.60311,39.57076
734,RUS,ORENBURG,550204,51.7727,55.0988
735,RUS,SARATOV,863725,51.54056,46.00861
736,RUS,ROSTOV NA DONU,1074482,47.23135,39.72328
737,RUS,BARNAUL,599579,53.36056,83.76361
738,RUS,SAINT PETERSBURG,5028000,59.93863,30.31413
739,RUS,MOSCOW,10381222,55.75222,37.61556
740,RUS,VLADIVOSTOK,587022,43.10562,131.87353
741,RUS,NOVOKUZNETSK,539616,53.7557,87.1099
742,RUS,PERM,982419,58.01046,56.25017
743,RUS,SAMARA,1134730,53.20007,50.15
744,RUS,VORONEZH,848752,51.67204,39.1843
745,RUS,ASTRAKHAN,502533,46.34968,48.04076
746,RUS,VOLGOGRAD,1011417,48.71939,44.50183
747,RUS,KIROV,457383,58.59665,49.66007
748,RUS,IRKUTSK,586695,52.29778,104.29639
749,RUS,CHELYABINSK,1062919,55.15402,61.42915
750,RUS,ULYANOVSK,640680,54.32824,48.38657
751,RUS,KRASNODAR,649851,45.04484,38.97603
752,RUS,MAKHACHKALA,497959,42.97638,47.50236
753,RUS,KEMEROVO,477090,55.33333,86.08333
754,RUS,IZHEVSK,631038,56.84976,53.20448
755,RUS,YAROSLAVL,606730,57.62987,39.87368
756,RUS,YEKATERINBURG,1349772,56.8519,60.6122
757,RUS,KAZAN,1104738,55.78874,49.12214
758,RUS,UFA,1033338,54.74306,55.96779
759,RUS,KRASNOYARSK,927200,56.01839,92.86717
760,RUS,TYUMEN,519119,57.15222,65.52722
761,RUS,TOMSK,485519,56.49771,84.97437
762,PSE,GAZA,410000,31.50161,34.46672
763,PSE,EAST JERUSALEM,428304,31.78336,35.23388
764,MCO,MONACO,32965,43.73333,7.41667
765,SYR,HOMS,775404,34.72682,36.72339
766,SYR,ALEPPO,1602264,36.20124,37.16117
767,SYR,DAMASCUS,1569394,33.5102,36.29128
768,BRA,MACEIO,954991,-9.66583,-35.73528
769,BRA,CUIABA,521934,-15.59611,-56.09667
770,BRA,JABOATAO DOS GUARARAPES,630008,-8.11278,-35.01472
771,BRA,BELO HORIZONTE,2373224,-19.92083,-43.93778
772,BRA,NATAL,763043,-5.795,-35.20944
773,BRA,SAO PAULO,10021295,-23.5475,-46.63611
774,BRA,PORTO ALEGRE,1372741,-30.03283,-51.23019
775,BRA,FORTALEZA,2400000,-3.71722,-38.54306
776,BRA,DUQUE DE CAXIAS,818329,-22.78556,-43.31167
777,BRA,OSASCO,677856,-23.5325,-46.79167
778,BRA,GOIANIA,1171195,-16.67861,-49.25389
779,BRA,BRASILIA,2207718,-15.77972,-47.92972
780,BRA,JABOATAO,702621,-8.18028,-35.00139
781,BRA,SAO BERNARDO DO CAMPO,743372,-23.69389,-46.565
782,BRA,SOROCABA,558862,-23.50167,-47.45806
783,BRA,NOVA IGUACU,1002118,-22.75917,-43.45111
784,BRA,MANAUS,1598210,-3.10194,-60.025
785,BRA,TERESINA,744512,-5.08917,-42.80194
786,BRA,SALVADOR,2711840,-12.97111,-38.51083
787,BRA,APARECIDA DE GOIANIA,510770,-16.82333,-49.24389
788,BRA,CURITIBA,1718421,-25.42778,-49.27306
789,BRA,SAO LUIS,917237,-2.52972,-44.30278
790,BRA,CAMPO GRANDE,729151,-20.44278,-54.64639
791,BRA,BELEM,1407737,-1.45583,-48.50444
792,BRA,SAO JOSE DOS CAMPOS,613764,-23.17944,-45.88694
793,BRA,RIO DE JANEIRO,6023699,-22.90642,-43.18223
794,BRA,JOAO PESSOA,650883,-7.115,-34.86306
795,BRA,CONTAGEM,627123,-19.93167,-44.05361
796,BRA,CAMPINAS,1031554,-22.90556,-47.06083
797,BRA,RIBEIRAO PRETO,619746,-21.1775,-47.81028
798,BRA,UBERLANDIA,563536,-18.91861,-48.27722
799,BRA,RECIFE,1478098,-8.05389,-34.88111
800,BRA,SANTO ANDRE,662373,-23.66389,-46.53833
801,BRA,GUARULHOS,1169577,-23.46278,-46.53333
802,BHR,MANAMA,147074,26.22787,50.58565
803,KAZ,ALMATY,2000900,43.25667,76.92861
804,SUR,PARAMARIBO,223757,5.86638,-55.16682
805,VCT,KINGSTOWN,24518,13.15527,-61.22742
806,NIC,MANAGUA,973087,12.13282,-86.2504
807,BGD,RAJSHAHI,700133,24.374,88.60114
808,BGD,CHITTAGONG,3920222,22.3384,91.83168
809,BGD,KHULNA,1342339,22.80979,89.56439
810,BGD,DHAKA,10356500,23.7104,90.40744
811,REU,SAINT DENIS,137195,-20.88231,55.4504
812,VEN,BARQUISIMETO,809490,10.0647,-69.35703
813,VEN,CARACAS,3000000,10.48801,-66.87919
814,VEN,VALENCIA,1385083,10.16202,-68.00765
815,VEN,MARACAIBO,2225000,10.66663,-71.61245
816,VEN,CIUDAD GUAYANA,746535,8.35122,-62.64102
817,VEN,MARACAY,1754256,10.23535,-67.59113
818,SWZ,MANZINI,110537,-26.49884,31.38004
819,JEY,SAINT HELIER,28000,49.18804,-2.10491
820,MNE,PODGORICA,136473,42.44111,19.26361
821,BTN,THIMPHU,98676,27.46609,89.64191
822,MAC,MACAU,520400,22.20056,113.54611
823,NAM,WINDHOEK,268132,-22.55941,17.08323
824,HKG,KOWLOON,2019533,22.31667,114.18333
825,HKG,HONG KONG,7012738,22.27832,114.17469
826,KNA,BASSETERRE,12920,17.2955,-62.72499
827,KGZ,BISHKEK,900000,42.87,74.59
828,ABW,ORANJESTAD,29998,12.52398,-70.02703
829,LSO,MASERU,118355,-29.31667,27.48333
830,SSD,JUBA,450000,4.85165,31.58247
831,SSD,WINEJOK,300000,9.01222,27.57081
832,DMA,ROSEAU,16571,15.30174,-61.38808
833,IRQ,ABU GHURAYB,900000,33.30563,44.18477
834,IRQ,AL MAWSIL AL JADIDAH,2065597,36.33271,43.10555
835,IRQ,AL BASRAH AL QADIMAH,2015483,30.50316,47.81507
836,IRQ,ERBIL,932800,36.18333,44.01193
837,IRQ,AS SULAYMANIYAH,723170,35.56496,45.4329
838,IRQ,BASRAH,2600000,30.50852,47.7804
839,IRQ,KIRKUK,601433,35.46806,44.39222
840,IRQ,BAGHDAD,7216000,33.34058,44.40088
841,IRQ,MOSUL,1739800,36.335,43.11889
842,NPL,KATHMANDU,1442271,27.70169,85.3206
843,GTM,GUATEMALA CITY,994938,14.64072,-90.51327
844,LAO,VIENTIANE,196731,17.96667,102.6
845,GAB,LIBREVILLE,578156,0.39241,9.45356
846,GEO,TBILISI,1049498,41.69411,44.83368
847,GNB,BISSAU,388028,11.86357,-15.59767
848,PLW,KOROR,14000,7.33978,134.47326
849,BRB,BRIDGETOWN,98511,13.10732,-59.62021
850,IRN,PASRAGAD BRANCH,787878,34.77772,48.47168
851,IRN,TABRIZ,1424641,38.08,46.2919
852,IRN,HAMADAN,528256,34.79922,48.51456
853,IRN,AHVAZ,841145,31.31901,48.6842
854,IRN,MASHHAD,2307177,36.31559,59.56796
855,IRN,KERMAN,577514,30.28321,57.07879
856,IRN,ISFAHAN,1547164,32.65246,51.67462
857,IRN,AZADSHAHR,514102,34.79049,48.57011
858,IRN,QOM,900000,34.6401,50.8764
859,IRN,KAHRIZ,766706,34.3838,47.0553
860,IRN,ORUMIYEH,577307,37.55274,45.07605
861,IRN,RASHT,594590,37.27611,49.58862
862,IRN,KARAJ,1448075,35.83266,50.99155
863,IRN,KERMANSHAH,621100,34.31417,47.065
864,IRN,ARAK,503647,34.09493,49.69809
865,IRN,ZAHEDAN,551980,29.4963,60.8629
866,IRN,TEHRAN,7153309,35.69439,51.42151
867,IRN,SHIRAZ,1249942,29.61031,52.53113
868,HRV,ZAGREB,698966,45.81444,15.97798
869,MTQ,FORT DE FRANCE,89995,14.60365,-61.07418
870,TGO,LOME,749700,6.12874,1.22154
871,BRN,BANDAR SERI BEGAWAN,64409,4.89035,114.94006
872,MDV,MALE,103693,4.17521,73.50916
873,MKD,SKOPJE,474889,41.99646,21.43141
874,BIH,SARAJEVO,696731,43.84864,18.35644
875,KWT,AL AHMADI,637411,29.07694,48.08389
876,PRY,ASUNCION,1482200,-25.28646,-57.647
877,AND,ANDORRA LA VELLA,20430,42.50779,1.52109
878,JAM,KINGSTON,937700,17.99702,-76.79358
879,JAM,NEW KINGSTON,583958,18.00747,-76.78319
880,MUS,PORT LOUIS,155226,-20.16194,57.49889
881,ESH,LAAYOUNE,196331,27.1418,-13.18797
882,SLV,SAN SALVADOR,525990,13.68935,-89.18718
883,GGY,SAINT PETER PORT,16488,49.45981,-2.53527
884,MRT,NOUAKCHOTT,661400,18.08581,-15.9785
885,VIR,SAINT CROIX,50601,17.72751,-64.74698
886,KIR,TARAWA,40311,1.3278,172.97696
887,YEM,SANAA,1937451,15.35472,44.20667
888,YEM,AL HUDAYDAH,617871,14.79781,42.95452
889,YEM,ADEN,550602,12.77944,45.03667
890,YEM,TA'IZZ,615222,13.57952,44.02091
891,LBN,RA'S BAYRUT,1251739,33.9,35.48333
892,LBN,BEIRUT,1916100,33.89332,35.50157
893,THA,BANGKOK,5104476,13.75398,100.50144
894,DOM,SANTO DOMINGO,2201941,18.47186,-69.89232
895,DOM,SANTO DOMINGO ESTE,700000,18.48847,-69.85707
896,DOM,SANTIAGO DE LOS CABALLEROS,1200000,19.4517,-70.69703
897,DOM,SANTO DOMINGO OESTE,701269,18.5,-70
898,KHM,PHNOM PENH,1573544,11.56245,104.91601
899,KHM,TAKEO,843931,10.99081,104.78498
900,NCL,NOUMEA,93060,-22.27407,166.44884
901,MYT,MAMOUDZOU,54831,-12.78234,45.22878
902,VNM,HANOI,1431270,21.0245,105.84117
903,VNM,HAIPHONG,602695,20.86481,106.68345
904,VNM,DA NANG,752493,16.06778,108.22083
905,VNM,HO CHI MINH CITY,3467331,10.82302,106.62965
906,GUY,GEORGETOWN,235017,6.80448,-58.15527
907,BHS,NASSAU,227940,25.05823,-77.34306
908,CUW,WILLEMSTAD,125000,12.1084,-68.93354
909,GUF,CAYENNE,61550,4.93333,-52.33333
910,BGR,SOFIA,1152556,42.69751,23.32415
911,PAK,BATTAGRAM,700000,34.67719,73.02329
912,PAK,MULTAN,1437230,30.19679,71.47824
913,PAK,MUZAFFARABAD,725000,34.37002,73.47082
914,PAK,KOTLI,640000,33.51836,73.9022
915,PAK,BAHAWALPUR,552607,29.39779,71.6752
916,PAK,PESHAWAR,1218773,34.008,71.57849
917,PAK,GUJRANWALA,1384471,32.15567,74.18705
918,PAK,RAWALPINDI,1743101,33.59733,73.0479
919,PAK,LAHORE,6310888,31.558,74.35071
920,PAK,HYDERABAD,1386330,25.39242,68.37366
921,PAK,RAHIM YAR KHAN,788915,28.41987,70.30345
922,PAK,KARACHI,11624219,24.8608,67.0104
923,PAK,ISLAMABAD,601600,33.72148,73.04329
924,PAK,QUETTA,733675,30.18414,67.00141
925,PAK,FAISALABAD,2506595,31.41554,73.08969
926,PAK,SARGODHA,542603,32.08586,72.67418
927,MHL,MAJURO,25400,7.08971,171.38027
928,ASM,PAGO PAGO,11500,-14.27806,-170.7025
929,CYM,GEORGE TOWN,29370,19.2866,-81.37436
930,COL,BARRANQUILLA,1380425,10.96854,-74.78132
931,COL,CUCUTA,721398,7.89391,-72.50782
932,COL,CALI,2392877,3.43722,-76.5225
933,COL,CARTAGENA,952024,10.39972,-75.51444
934,COL,MEDELLIN,1999979,6.25184,-75.56359
935,COL,BOGOTA,7674366,4.60971,-74.08175
936,COL,BUCARAMANGA,571820,7.12539,-73.1198
937,HND,TEGUCIGALPA,850848,14.0818,-87.20681
938,FSM,WENO,13856,7.44648,151.84135
939,URY,MONTEVIDEO,1270737,-34.90328,-56.18816
940,IMN,DOUGLAS,26218,54.15,-4.48333
941,CRI,SAN JOSE,335007,9.93333,-84.08333
942,GNQ,BATA,173046,1.86391,9.76582
943,PER,AREQUIPA,841130,-16.39889,-71.535
944,PER,TRUJILLO,747450,-8.11599,-79.02998
945,PER,CHICLAYO,577375,-6.77137,-79.84088
946,PER,LIMA,7737002,-12.04318,-77.02824
947,PER,CALLAO,813264,-12.05659,-77.11814
948,ALA,MARIEHAMN,10682,60.09726,19.93481
949,BEN,COTONOU,780000,6.36536,2.41833
950,PRK,PYONGYANG,3222000,39.03385,125.75432
951,PRK,HAMHUNG,559056,39.91833,127.53639
952,ROU,BUCHAREST,1877155,44.43225,26.10626
953,QAT,DOHA,344939,25.28545,51.53096
954,OMN,MUSCAT,797000,23.58413,58.40778
955,SLB,HONIARA,56298,-9.43333,159.95
956,GMB,SEREKUNDA,340000,13.43833,-16.67806
957,GUM,DEDEDO VILLAGE,44943,13.51777,144.8391
958,ISR,JERUSALEM,801000,31.76904,35.21633
959,TLS,DILI,150000,-8.55861,125.57361
960,WSM,APIA,40407,-13.83333,-171.76666
961,COM,MORONI,42872,-11.70216,43.25506
962,VUT,PORT VILA,35901,-17.73648,168.31366
963,GRL,NUUK,14798,64.18347,-51.72157
964,DJI,DJIBOUTI,623891,11.58901,43.14503
965,FJI,SUVA,77366,-18.14161,178.44149
966,TWN,KAOHSIUNG,1519711,22.61626,120.31333
967,TWN,TAICHUNG,1040725,24.1469,120.6839
968,TWN,TAIPEI,7871900,25.04776,121.53185
969,TWN,BANQIAO,543342,25.01427,121.46719
970,TWN,TAINAN,771235,22.99083,120.21333
971,CPV,PRAIA,113364,14.93152,-23.51254
972,ARE,ABU DHABI,603492,24.45118,54.39696
973,ARE,DUBAI,2956587,25.07725,55.30927
974,ARE,SHARJAH,1324473,25.33737,55.41206
975,CUB,HAVANA,2163824,23.13302,-82.38304
976,CUB,SANTIAGO DE CUBA,555865,20.02083,-75.82667
977,ERI,ASMARA,563930,15.33805,38.93184
978,SAU,TA'IF,530848,21.27028,40.41583
979,SAU,SULTANAH,946697,24.49258,39.58572
980,SAU,MEDINA,1300000,24.46861,39.61417
981,SAU,DAMMAM,768602,26.43442,50.10326
982,SAU,JEDDAH,2867446,21.49012,39.18624
983,SAU,RIYADH,4205961,24.68773,46.72185
984,SAU,MECCA,1323624,21.42664,39.82563
985,NZL,CHRISTCHURCH,363926,-43.53333,172.63333
986,NZL,MANUKAU CITY,362000,-36.99282,174.87986
987,NZL,AUCKLAND,417910,-36.84853,174.76349
988,NZL,WELLINGTON,381900,-41.28664,174.77557
989,ARM,YEREVAN,1093485,40.18111,44.51361
990,TON,NUKU'ALOFA,22400,-21.13938,-175.2018
991,BLR,MINSK,1742124,53.9,27.56667
992,TTO,CHAGUANAS,67433,10.51667,-61.41667
993,TJK,DUSHANBE,679400,38.53575,68.77905
994,HTI,PORT AU PRINCE,1234742,18.54349,-72.33881
995,BWA,GABORONE,208411,-24.65451,25.90859
996,JOR,ZARQA,792665,32.07275,36.08796
997,JOR,AMMAN,1275857,31.95522,35.94503
998,BLZ,BELIZE CITY,61461,17.49952,-88.19756
999,AZE,BAKU,1116513,40.37767,49.89201
1000,TUR,ANKARA,3517182,39.91987,32.85427
1001,TUR,ESENLER,520235,41.0435,28.87619
1002,TUR,BAGCILAR,724270,41.03903,28.85671
1003,TUR,UMRANIYE,573265,41.01643,29.12476
1004,TUR,BAHCELIEVLER,576799,41.00231,28.8598
1005,TUR,DIYARBAKIR,644763,37.91363,40.21721
1006,TUR,ANTALYA,758188,36.90812,30.69556
1007,TUR,CANKAYA,792189,39.9179,32.86268
1008,TUR,GAZIANTEP,1065975,37.05944,37.3825
1009,TUR,MERSIN,537842,36.81196,34.63886
1010,TUR,ESKISEHIR,514869,39.77667,30.52056
1011,TUR,ADANA,1248988,36.98615,35.32531
1012,TUR,ISTANBUL,14804116,41.01384,28.94966
1013,TUR,IZMIR,2500603,38.41273,27.13838
1014,TUR,UESKUEDAR,582666,41.02274,29.01366
1015,TUR,BURSA,1412701,40.19559,29.06013
1016,TUR,KONYA,875530,37.87135,32.48464
1017,TUR,KAYSERI,592840,38.73222,35.48528
1018,CYP,NICOSIA,200452,35.17531,33.3642
1019,MWI,BLANTYRE,584877,-15.78499,35.00854
1020,MWI,LILONGWE,646750,-13.96692,33.78725
1021,CAF,BANGUI,542393,4.36122,18.55496
1022,AFG,KABUL,3043532,34.52813,69.17233
1023,PRI,SAN JUAN,418140,18.46633,-66.10572
1024,SRB,BELGRADE,1273651,44.80401,20.46513
1025,FRO,TORSHAVN,13200,62.00973,-6.77164
1026,TKM,ASHGABAT,727700,37.95,58.38333
1027,ECU,GUAYAQUIL,1952029,-2.19616,-79.88621
1028,ECU,QUITO,1399814,-0.22985,-78.52495
1029,MNG,ULAN BATOR,844818,47.90771,106.88324
1030,ATG,SAINT JOHN'S,24226,17.12096,-61.84329
1031,ALB,TIRANA,374801,41.3275,19.81889
1032,STP,SAO TOME,53300,0.33654,6.72732
1033,UKR,ZAPORIZHIA,796217,47.82289,35.19031
1034,UKR,LVIV,717803,49.83826,24.02324
1035,UKR,KHARKIV,1430885,49.98081,36.25272
1036,UKR,DONETSK,1024700,48.023,37.80224
1037,UKR,ODESSA,1001558,46.47747,30.73262
1038,UKR,KYIV,2797553,50.45466,30.5238
1039,UKR,MYKOLAYIV,510840,46.96591,31.9974
1040,UKR,KRYVYI RIH,652380,47.90966,33.38044
1041,UKR,DNIPRO,1032822,48.4593,35.03865
1042,BOL,COCHABAMBA,900414,-17.3895,-66.1568
1043,BOL,SANTA CRUZ DE LA SIERRA,1364389,-17.78629,-63.18117
1044,BOL,LA PAZ,812799,-16.5,-68.15
1045,SYC,VICTORIA,22881,-4.62001,55.45501
1046,ARG,BUENOS AIRES,13076300,-34.61315,-58.37723
1047,ARG,SAN MIGUEL DE TUCUMAN,781023,-26.82414,-65.2226
1048,ARG,LA PLATA,694167,-34.92145,-57.95453
1049,ARG,SALTA,512686,-24.7859,-65.41166
1050,ARG,MAR DEL PLATA,553935,-38.00042,-57.5562
1051,ARG,CORDOBA,1428214,-31.4135,-64.18105
1052,ARG,ROSARIO,1173533,-32.94682,-60.63932
1053,ARG,MENDOZA,876884,-32.89084,-68.82717
1054,LKA,COLOMBO,648034,6.93548,79.84868
1055,MMR,MANDALAY,1208099,21.97473,96.08359
1056,MMR,NAY PYI TAW,925000,19.745,96.12972
1057,MMR,YANGON,4477638,16.80528,96.15611
1058,MLT,BIRKIRKARA,21676,35.89722,14.46111
1059,PHL,QUEZON CITY,2761720,14.6488,121.0509
1060,PHL,MAKATI CITY,510383,14.55027,121.03269
1061,PHL,GENERAL SANTOS,679588,6.11278,125.17167
1062,PHL,PASIG CITY,617301,14.58691,121.0614
1063,PHL,LAS PINAS,590000,14.45056,120.98278
1064,PHL,CALOOCAN CITY,1500000,14.64953,120.96788
1065,PHL,DAVAO,1212504,7.07306,125.61278
1066,PHL,BUDTA,1273715,7.20417,124.43972
1067,PHL,MALINGAO,1121974,7.16083,124.475
1068,PHL,MANILA,1600000,14.6042,120.9822
1069,PHL,CEBU CITY,798634,10.31672,123.89071
1070,PHL,ANTIPOLO,549543,14.62578,121.12251
1071,PHL,TAGUIG,644473,14.5243,121.0792
1072,GIB,GIBRALTAR,26544,36.14474,-5.35257
1073,PNG,PORT MORESBY,283733,-9.47723,147.15089
1074,COK,AVARUA,13373,-21.2075,-159.77545
1075,LCA,CASTRIES,20000,13.9957,-61.00614
1076,GLP,LES ABYMES,63058,16.273,-61.50507
1077,PAN,PANAMA,408168,8.9936,-79.51973
1078,PAN,SAN MIGUELITO,321501,9.05032,-79.47068
1079,PYF,FAAA,29851,-17.55,-149.6
1080,MNP,SAIPAN,48220,15.21233,145.7545
1081,SGP,SINGAPORE,3547809,1.28967,103.85007
1082,IDN,BANDAR LAMPUNG,800348,-5.42917,105.26111
1083,IDN,MAKASSAR,1321717,-5.14861,119.43194
1084,IDN,DENPASAR,834881,-8.65,115.21667
1085,IDN,BANDUNG,1699719,-6.92222,107.60694
1086,IDN,CITY OF BALIKPAPAN,700000,-1.24204,116.89419
1087,IDN,BATAM,1164352,1.14937,104.02491
1088,IDN,BANJARMASIN,572837,-3.31987,114.59075
1089,IDN,DEPOK,1198129,-6.4,106.81861
1090,IDN,BEKASI,1520119,-6.2349,106.9896
1091,IDN,MALANG,746716,-7.9797,112.6304
1092,IDN,MEDAN,1750971,3.58333,98.66667
1093,IDN,SOUTH TANGERANG,1303569,-6.28862,106.71789
1094,IDN,JAKARTA,8540121,-6.21462,106.84513
1095,IDN,BOGOR,800000,-6.59444,106.78917
1096,IDN,SEMARANG,1288084,-6.99306,110.42083
1097,IDN,PALEMBANG,1441500,-2.91673,104.7458
1098,IDN,SURAKARTA,555308,-7.55611,110.83167
1099,IDN,TANGERANG,1372124,-6.17806,106.63
1100,IDN,PADANG,840352,-0.94924,100.35427
1101,IDN,SURABAYA,2374658,-7.24917,112.75083
1102,IDN,SITUBONDO,600000,-7.70623,114.00976
1103,IDN,YOGYAKARTA,636660,-7.80139,110.36472
1104,IDN,PEKANBARU,703956,0.51667,101.44167
1105,UZB,TASHKENT,1978028,41.26465,69.21627
1106,MYS,KUALA LUMPUR,1453975,3.1412,101.68653
1107,MYS,SUBANG JAYA,708296,3.04384,101.58062
1108,MYS,KUCHING,570407,1.55,110.33333
1109,MYS,IPOH,673318,4.5841,101.0829
1110,MYS,KOTA BHARU,1459994,6.12361,102.24333
1111,MYS,KAMPUNG BARU SUBANG,833571,3.15,101.53333
1112,MYS,KLANG,879867,3.03667,101.44333
1113,MYS,PETALING JAYA,520698,3.10726,101.60671
1114,MYS,JOHOR BAHRU,802489,1.4655,103.7578
1115,MDA,CHISINAU,635994,47.00556,28.8575
1116,AGO,HUAMBO,226145,-12.776110,15.739170
1117,RUS,NIZHNIY NOVGOROD,1284164,56.328670,44.00205
1118,RUS,ROSTOV NA DONU,1074482,47.231350,39.723280
1119,RUS,KALININGRAD,434954,54.706490,20.510950
